{"best_acc": 92.221, "best_eval_name": "highest-9", "best_epoch": 80, "info/epoch": 80, "info/lr": 5.015300700744752e-07, "train_acc/layer1_acc": 100.0, "train_loss/layer1_loss": 0.0750732421875, "train_loss/layer1_FPN1_loss": 0.004207611083984375, "train_acc/layer2_acc": 100.0, "train_loss/layer2_loss": 0.0968017578125, "train_loss/layer2_FPN1_loss": 0.006404876708984375, "train_acc/layer3_acc": 100.0, "train_loss/layer3_loss": 0.1285400390625, "train_loss/layer3_FPN1_loss": 0.00923919677734375, "train_acc/layer4_acc": 100.0, "train_loss/layer4_loss": 0.055023193359375, "train_loss/layer4_FPN1_loss": 0.00530242919921875, "train_acc/select_layer1_acc": 100.0, "train_loss/select_layer1_loss": 0.020903123542666435, "train_acc/select_layer2_acc": 100.0, "train_loss/select_layer2_loss": 0.021742476150393486, "train_acc/select_layer3_acc": 100.0, "train_loss/select_layer3_loss": 0.04418564587831497, "train_acc/select_layer4_acc": 100.0, "train_loss/select_layer4_loss": 0.02012530528008938, "train_acc/drop_layer1_acc": 100.0, "train_loss/drop_layer1_loss": 0.1248779296875, "train_acc/drop_layer2_acc": 100.0, "train_loss/drop_layer2_loss": 0.9130859375, "train_acc/drop_layer3_acc": 99.84, "train_loss/drop_layer3_loss": 3.15234375, "train_acc/drop_layer4_acc": 96.76, "train_loss/drop_layer4_loss": 0.26318359375, "train_acc/combiner_acc": 100.0, "train_loss/combiner_loss": 1.9311904907226562e-05, "train_loss/total_loss": 4.9159053061157465, "_timestamp": 1703812629.530273, "_runtime": 24956.650167942047, "_step": 738, "layer1-top-1": 92.068, "layer1-top-3": 97.595, "FPN1_layer1-top-1": 0.87, "FPN1_layer1-top-3": 3.071, "layer2-top-1": 92.17, "layer2-top-3": 97.646, "FPN1_layer2-top-1": 0.512, "FPN1_layer2-top-3": 1.126, "layer3-top-1": 91.863, "layer3-top-3": 97.851, "FPN1_layer3-top-1": 0.665, "FPN1_layer3-top-3": 1.177, "layer4-top-1": 91.863, "layer4-top-3": 97.595, "FPN1_layer4-top-1": 1.279, "FPN1_layer4-top-3": 2.456, "select_layer1-top-1": 92.023, "select_layer1-top-3": 97.501, "select_layer2-top-1": 91.958, "select_layer2-top-3": 97.675, "select_layer3-top-1": 91.788, "select_layer3-top-3": 97.715, "select_layer4-top-1": 91.864, "select_layer4-top-3": 97.5, "drop_layer1-top-1": 91.53, "drop_layer1-top-3": 97.47, "drop_layer2-top-1": 91.497, "drop_layer2-top-3": 97.582, "drop_layer3-top-1": 91.647, "drop_layer3-top-3": 97.583, "drop_layer4-top-1": 91.145, "drop_layer4-top-3": 97.362, "combiner-top-1": 91.812, "combiner-top-3": 97.39, "highest-1": 0.409, "highest-2": 0.716, "highest-3": 0.972, "highest-4": 0.665, "highest-5": 91.863, "highest-6": 91.965, "highest-7": 92.119, "highest-8": 92.17, "highest-9": 91.863}